ts,text,label,score,latency_ms,model_path
1770068542,"I am Barrister John Smith, personal attorney to a late contractor who worked with an oil firm here. Before his death, he deposited the sum of $15,500,000.00 (Fifteen Million Five Hundred Thousand Dollars) in a bank here.  I am contacting you to stand as the next of kin to transfer this fund out of the bank. I propose a sharing ratio of 50% for me and 50% for you.  Please reply with your full name and phone number so I can give you more details.  Best regards, Barrister John Smith",PHISH,0.999899,151.90,models/phishing_distilbert_multilingual_optimized
1770068565,"Subiect: FELICITARI! Ai fost selectat castigatorul zilei!  Corp mesaj: Ai castigat un iPhone 15 Pro Max nou nout!!  Adresa ta de email a fost selectata aleatoriu in tombola noastra anuala. Nu trebuie decat sa raspunzi la acest sondaj scurt si sa platesti transportul pentru a intra in posesia premiului.  REVENDICA ACUM: [Link: http://castigator-norocos-premii.info/claim]  Grabeste-te, oferta expira in 10 minute!",PHISH,0.999883,76.33,models/phishing_distilbert_multilingual_optimized
1770068582,"Subject: PROPOSITION FOR MUTUAL BENEFIT / URGENT  Body: Dearest Beloved,  I am Barrister John Smith, personal attorney to a late contractor who worked with an oil firm here. Before his death, he deposited the sum of $15,500,000.00 (Fifteen Million Five Hundred Thousand Dollars) in a bank here.  I am contacting you to stand as the next of kin to transfer this fund out of the bank. I propose a sharing ratio of 50% for me and 50% for you.  Please reply with your full name and phone number so I can give you more details.  Best regards, Barrister John Smith",PHISH,0.999899,75.48,models/phishing_distilbert_multilingual_optimized
1770068656,"Sigur, iatÄƒ 3 exemple distincte Ã®n limba englezÄƒ, acoperind scenarii frecvente (Corporate/HR, IT Security È™i clasicul ""419 Scam""), utile pentru a testa cum reacÈ›ioneazÄƒ modelul tÄƒu la vocabularul specific de business È™i la urgenÈ›Äƒ.",SAFE,0.156404,66.64,models/phishing_distilbert_multilingual_optimized
1770069240,"Subject: ACTION REQUIRED: Review your updated salary slip  Body: Dear Employee,  Due to the recent adjustments in our benefits policy, your payroll structure has been modified effective immediately.  Please review the attached document or login to the employee portal below to acknowledge the changes before the next pay cycle.  [Link: http://hr-portal-secure-login-update.net/auth]  Failure to confirm these details may result in a delay in your direct deposit.  Regards, Human Resources Department",PHISH,0.998985,176.45,models/phishing_distilbert_multilingual_optimized
1770069250,"Subject: Security Alert: Suspicious sign-in attempt detected  Body: We noticed a login attempt to your Microsoft 365 account from an unrecognized device in Lagos, Nigeria.  Device: iPhone 13 IP Address: 192.168.x.x Time: 2:45 AM UTC  If this wasn't you, please secure your account immediately to prevent data loss.  [Link: http://microsoft-safety-check-account.xyz/verify]  The Security Team",PHISH,0.999883,74.90,models/phishing_distilbert_multilingual_optimized
1770069260,"Subject: PROPOSITION FOR MUTUAL BENEFIT / URGENT  Body: Dearest Beloved,  I am Barrister John Smith, personal attorney to a late contractor who worked with an oil firm here. Before his death, he deposited the sum of $15,500,000.00 (Fifteen Million Five Hundred Thousand Dollars) in a bank here.  I am contacting you to stand as the next of kin to transfer this fund out of the bank. I propose a sharing ratio of 50% for me and 50% for you.  Please reply with your full name and phone number so I can give you more details.  Best regards, Barrister John Smith",PHISH,0.999899,75.49,models/phishing_distilbert_multilingual_optimized
1770069611,1fd3c531c4f741d89f00c9e879ca26f5,"Subject: PROPOSITION FOR MUTUAL BENEFIT / URGENT  Body: Dearest Beloved,  I am Barrister John Smith, personal attorney to a late contractor who worked with an oil firm here. Before his death, he deposited the sum of $15,500,000.00 (Fifteen Million Five Hundred Thousand Dollars) in a bank here.  I am contacting you to stand as the next of kin to transfer this fund out of the bank. I propose a sharing ratio of 50% for me and 50% for you.  Please reply with your full name and phone number so I can give you more details.  Best regards, Barrister John Smith",PHISH,0.999899,145.49,models/phishing_distilbert_multilingual_optimized
1770070691,c5ef6a0e9e294db38c7f2ba483f2a45d,"Subject: PROPOSITION FOR MUTUAL BENEFIT / URGENT  Body: Dearest Beloved,  I am Barrister John Smith, personal attorney to a late contractor who worked with an oil firm here. Before his death, he deposited the sum of $15,500,000.00 (Fifteen Million Five Hundred Thousand Dollars) in a bank here.  I am contacting you to stand as the next of kin to transfer this fund out of the bank. I propose a sharing ratio of 50% for me and 50% for you.  Please reply with your full name and phone number so I can give you more details.  Best regards, Barrister John Smith",PHISH,0.999899,147.70,models/phishing_distilbert_multilingual_optimized
1770070710,6005fbd71c87448b98841f135fdc3743,"Subiect: Plata refuzata: Abonamentul tau a expirat  Corp mesaj: DragÄƒ abonat,  Ultima platÄƒ pentru abonamentul tÄƒu lunar a fost respinsÄƒ de banca emitentÄƒ. Serviciile tale vor fi suspendate Ã®ncepÃ¢nd de mÃ¢ine dacÄƒ nu actualizezi informaÈ›iile de facturare.  ActualizeazÄƒ metoda de platÄƒ aici: [Link: http://servicii-plati-secure.net/login]  MulÈ›umim cÄƒ eÈ™ti alÄƒturi de noi.",PHISH,0.999807,76.20,models/phishing_distilbert_multilingual_optimized
1770070721,a4a2e0146b5c43df954b17799ddf8733,"Subiect: IMPORTANT: Contul dumneavoastra a fost restrictionat  Corp mesaj: Stimate client,  Am detectat o activitate neobisnuitÄƒ Ã®n contul dvs. bancar in data de 02.02.2026. Din motive de securitate, accesul a fost limitat temporar.  Pentru a debloca fondurile, este obligatoriu sÄƒ vÄƒ confirmaÈ›i identitatea Ã®n urmatoarele 24 de ore accesÃ¢nd link-ul securizat de mai jos:  [Link: http://banca-ta-suport-clienti-verify.xyz]  Nerespectarea acestui pas va duce la inchiderea definitiva a contului.  Echipa de Securitate",PHISH,0.999620,74.78,models/phishing_distilbert_multilingual_optimized
1770070731,67f636d245fd457d8fb0d710dcc5973b,"Subiect: Urgent - Transfer  Corp mesaj: Salut,  Sunt Ã®ntr-o È™edinÈ›Äƒ È™i nu pot vorbi la telefon. Am nevoie sÄƒ faci o platÄƒ urgentÄƒ cÄƒtre un furnizor nou pÃ¢nÄƒ la sfÃ¢rÈ™itul zilei. Este critic pentru proiectul curent.  RÄƒspunde-mi imediat ce vezi acest email È™i Ã®È›i trimit detaliile facturii. Vreau discreÈ›ie totalÄƒ, nu discuta cu nimeni din contabilitate Ã®ncÄƒ.  Sent from my iPhone",PHISH,0.992902,75.01,models/phishing_distilbert_multilingual_optimized
1770070736,f8bd080d1b81410da95828815af9b204,"Subiect: Urgent - Transfer  Corp mesaj: Salut,  Sunt Ã®ntr-o È™edinÈ›Äƒ È™i nu pot vorbi la telefon. Am nevoie sÄƒ faci o platÄƒ urgentÄƒ cÄƒtre un furnizor nou pÃ¢nÄƒ la sfÃ¢rÈ™itul zilei. Este critic pentru proiectul curent.  RÄƒspunde-mi imediat ce vezi acest email È™i Ã®È›i trimit detaliile facturii. Vreau discreÈ›ie totalÄƒ, nu discuta cu nimeni din contabilitate Ã®ncÄƒ.  Sent from my iPhone",PHISH,0.992902,73.34,models/phishing_distilbert_multilingual_optimized
1770070914,ef704daeec1e4601896011a3d593622a,"Este o idee excelentÄƒ sÄƒ Ã®È›i testezi modelul cu date diverse. Pentru ca un model de detecÈ›ie phishing sÄƒ fie robust, are nevoie de exemple variate: de la cele evidente (greÈ™eli gramaticale, urgenÈ›Äƒ maximÄƒ) pÃ¢nÄƒ la cele mai sofisticate (spear-phishing, clonarea brandurilor cunoscute).",SAFE,0.247455,65.76,models/phishing_distilbert_multilingual_optimized
1770070944,f303fc8c1aee4754bf83576ba0af3aee,"Subject: PROPOSITION FOR MUTUAL BENEFIT / URGENT  Body: Dearest Beloved,  I am Barrister John Smith, personal attorney to a late contractor who worked with an oil firm here. Before his death, he deposited the sum of $15,500,000.00 (Fifteen Million Five Hundred Thousand Dollars) in a bank here.  I am contacting you to stand as the next of kin to transfer this fund out of the bank. I propose a sharing ratio of 50% for me and 50% for you.  Please reply with your full name and phone number so I can give you more details.  Best regards, Barrister John Smith",PHISH,0.999899,75.08,models/phishing_distilbert_multilingual_optimized
1770071297,0456e7e8ec644e289d380f514d8c7556,"Subject: PROPOSITION FOR MUTUAL BENEFIT / URGENT  Body: Dearest Beloved,  I am Barrister John Smith, personal attorney to a late contractor who worked with an oil firm here. Before his death, he deposited the sum of $15,500,000.00 (Fifteen Million Five Hundred Thousand Dollars) in a bank here.  I am contacting you to stand as the next of kin to transfer this fund out of the bank. I propose a sharing ratio of 50% for me and 50% for you.  Please reply with your full name and phone number so I can give you more details.  Best regards, Barrister John Smith",PHISH,0.999899,156.58,models/phishing_distilbert_multilingual_optimized
1770071308,f3d6c13bc67f4d008bacaed8b9564581,"Subject: Security Alert: Suspicious sign-in attempt detected  Body: We noticed a login attempt to your Microsoft 365 account from an unrecognized device in Lagos, Nigeria.  Device: iPhone 13 IP Address: 192.168.x.x Time: 2:45 AM UTC  If this wasn't you, please secure your account immediately to prevent data loss.  [Link: http://microsoft-safety-check-account.xyz/verify]  The Security Team",PHISH,0.999883,75.25,models/phishing_distilbert_multilingual_optimized
1770071321,3af86a570a49446ca4093a32259e7623,"Subiect: ğŸ“š Top 5 cÄƒrÈ›i citite luna aceasta + Reduceri de weekend  Corp mesaj: Salutare cititorule,  SÄƒptÄƒmÃ¢na aceasta am pregÄƒtit o listÄƒ cu cele mai interesante biografii lansate Ã®n 2025. DacÄƒ eÈ™ti pasionat de istorie, o sÄƒ-È›i placÄƒ recomandarea numÄƒrul 3.  CiteÈ™te tot articolul pe blogul nostru: [Link: https://blogul-de-carti-real.ro/articol-nou]  De asemenea, pentru abonaÈ›ii noÈ™tri fideli, avem un cod de reducere de 10% valabil Ã®n librÄƒrii: CITITOR10.  DacÄƒ nu mai doreÈ™ti sÄƒ primeÈ™ti aceste email-uri, te poÈ›i dezabona aici.",SAFE,0.024731,75.56,models/phishing_distilbert_multilingual_optimized
1770071329,3daa9eeb93a342ada9e4838ee75a3125,"Subject: Questions regarding the frontend layout  Body: Hi Sarah,  I was looking at the mockups you sent over yesterday. They look great, but I have a quick question about the navigation bar on mobile devices.  Do we want it to collapse into a hamburger menu or stay visible? Let me know what the UX team decided so I can start coding it.  Thanks, Mike",SAFE,0.000563,68.29,models/phishing_distilbert_multilingual_optimized
1770071340,997131bd7c534718a74d79d44a8c8517,"Subiect: Minuta È™edinÈ›Äƒ proiect Alpha - 03.02.2025  Corp mesaj: BunÄƒ ziua tuturor,  VÄƒ mulÈ›umesc pentru participarea la È™edinÈ›a de astÄƒzi. AtaÈ™at gÄƒsiÈ›i minuta discuÈ›iei È™i lista cu punctele de acÈ›iune (action items) pentru fiecare departament.  VÄƒ rog sÄƒ parcurgeÈ›i documentul È™i sÄƒ reveniÈ›i cu feedback pÃ¢nÄƒ joi, dacÄƒ existÄƒ neclaritÄƒÈ›i.  Agenda pentru sÄƒptÄƒmÃ¢na viitoare:  Finalizare buget Q2  Raportare status implementare API  O zi productivÄƒ, Elena Popescu Project Manager",SAFE,0.000145,73.87,models/phishing_distilbert_multilingual_optimized
1770071346,312455382ea945f19e6a4e35ff51ee1d,"Subiect: Re: Planuri pentru weekend / Cabana  Corp mesaj: Salut Andrei,  Am vorbit cu bÄƒieÈ›ii È™i a rÄƒmas cÄƒ plecÄƒm vineri pe la ora 17:00, dupÄƒ ce terminÄƒ toÈ›i munca. Eu o sÄƒ iau maÈ™ina, aÈ™a cÄƒ am loc pentru tine È™i Mihai.  SÄƒ nu uiÈ›i sÄƒ Ã®È›i iei echipamentul, au anunÈ›at zÄƒpadÄƒ.  Ne auzim la un telefon mÃ¢ine searÄƒ sÄƒ stabilim detaliile finale.  Mersi, Vlad",SAFE,0.000084,75.19,models/phishing_distilbert_multilingual_optimized
1770071355,b6c9f0a938b649d09101e9e399e0286b,"Subject: PROPOSITION FOR MUTUAL BENEFIT / URGENT  Body: Dearest Beloved,  I am Barrister John Smith, personal attorney to a late contractor who worked with an oil firm here. Before his death, he deposited the sum of $15,500,000.00 (Fifteen Million Five Hundred Thousand Dollars) in a bank here.  I am contacting you to stand as the next of kin to transfer this fund out of the bank. I propose a sharing ratio of 50% for me and 50% for you.  Please reply with your full name and phone number so I can give you more details.  Best regards, Barrister John Smith",PHISH,0.999899,77.01,models/phishing_distilbert_multilingual_optimized
1770071386,0e09a9ffffdb44ea81217b776dc97744,"Subject: PROPOSITION FOR MUTUAL BENEFIT / URGENT  Body: Dearest Beloved,  I am Barrister John Smith, personal attorney to a late contractor who worked with an oil firm here. Before his death, he deposited the sum of $15,500,000.00 (Fifteen Million Five Hundred Thousand Dollars) in a bank here.  I am contacting you to stand as the next of kin to transfer this fund out of the bank. I propose a sharing ratio of 50% for me and 50% for you.  Please reply with your full name and phone number so I can give you more details.  Best regards, Barrister John Smith",PHISH,0.999899,76.37,models/phishing_distilbert_multilingual_optimized
1770071617,d0f330fb607d421389c6a7ace4e57d17,"Subject: Questions regarding the frontend layout  Body: Hi Sarah,  I was looking at the mockups you sent over yesterday. They look great, but I have a quick question about the navigation bar on mobile devices.  Do we want it to collapse into a hamburger menu or stay visible? Let me know what the UX team decided so I can start coding it.  Thanks, Mike",SAFE,0.000563,65.64,models/phishing_distilbert_multilingual_optimized
1770657290,906b6a44d06440fe92e8851b5555e86a,"Subject: URGENT: Action Required - Your account has been temporarily restricted  Body:  Dear Customer,  We recently noticed unusual activity on your account from an unrecognized device in Russia. For your protection, we have temporarily limited your access.  To restore your account features, you must verify your identity immediately. Failure to update your information within 24 hours will result in permanent account suspension.  Please click the secure link below to proceed: http://paypal-security-update-verify.com/login  Thank you, The Security Team",PHISH,0.999902,511.76,models/phishing_distilbert_multilingual_optimized
1770657310,4dbc01bfb20245cca4486712b298e5bd,"Subject: FINAL REMINDER: Password Expiration Notice  Body:  Attention User,  Your Office 365 password is set to expire in less than 2 hours. You must retain your current password or update it to avoid losing access to your email and files.  Use the administrative portal below to refresh your credentials: http://admin-office-server-secure.net/auth  Note: This is an automated message. Do not reply.  IT Support Desk",PHISH,0.999890,98.23,models/phishing_distilbert_multilingual_optimized
1770657322,3116efdbe4e5449db462c6a3949ad22f,"Subiect: Notificare: Pachetul dumneavoastrÄƒ este Ã®n aÈ™teptare  Body:  Stimate Client,  Livrarea cu numÄƒrul #RO4921 nu a putut fi finalizatÄƒ din cauza unei adrese incorecte. Pachetul dumneavoastrÄƒ se aflÄƒ Ã®n depozitul nostru central.  VÄƒ rugÄƒm sÄƒ confirmaÈ›i adresa de livrare È™i sÄƒ achitaÈ›i taxa de redepozitare de 4.99 RON accesÃ¢nd link-ul de mai jos, altfel coletul va fi returnat expeditorului mÃ¢ine.  [Link Confirmare Livrare]  Echipa de Curierat Rapid",PHISH,0.820233,95.62,models/phishing_distilbert_multilingual_optimized
1770714366,aba2f8a5d79048f49124918f9956db6f,"This example demonstrates how to use radio buttons to let users select one option from a list. Based on the selected gender, the app displays the result using st.success()",SAFE,0.000594,509.01,models/phishing_distilbert_multilingual_optimized
1770714374,8e2feacd12f14df185fabdb77c725f16,"This example uses a select box in Streamlit to let users choose one option from a dropdown list. The selected item is then displayed on the screen.",SAFE,0.001128,84.31,models/phishing_distilbert_multilingual_optimized
1770715012,1162e18915294da99894f74682c6d72c,"Te Ã®nÈ›eleg perfect. EÈ™ti Ã®n punctul Ã®n care creierul tÄƒu a tras frÃ¢na de mÃ¢nÄƒ pentru cÄƒ a dus prea multe (despÄƒrÈ›irea, mutarea, prietenii, sesiunea), dar realitatea te obligÄƒ sÄƒ apeÈ™i acceleraÈ›ia. E definiÈ›ia burnout-ului: trebuie, dar nu mai poÈ›i.",SAFE,0.052586,121.13,models/phishing_distilbert_multilingual_optimized
1770715128,4013f48d314b4a5690072313473c664f,"Dear Customer, We are having trouble authorizing your payment for the recent order containing ""Sony WH-1000XM5 Headphones"". The issuing bank has declined the transaction. To avoid cancellation, please update your billing information immediately: [Link: http://amazon-security-center-update.com/login] We will hold your items for 24 hours.",PHISH,0.999882,92.13,models/phishing_distilbert_multilingual_optimized
1770715138,35fda7c565af454baf1dedc13b8cb0a9,"Your corporate email account has used 99% of its storage quota. You will not be able to send or receive new messages starting tomorrow. Click here to expand your storage for free: [Link: http://webmail-server-upgrade-quota.net/auth] IT Helpdesk Support",PHISH,0.999871,83.52,models/phishing_distilbert_multilingual_optimized
1770715147,3693bc01207944bf9f0184d6df21463c,"Hi Alex, Thanks for sending over the slides. I reviewed the budget section on page 4, and I think we need to adjust the marketing spend. Can we discuss this on Tuesday at 10 AM? I've attached the revised Excel sheet for your review. Best, Sarah",SAFE,0.000093,83.91,models/phishing_distilbert_multilingual_optimized
1770715160,b97e755db54b4f97b2b8811ec2529030,"Don't miss out! This is your final opportunity to grab our best-selling sneakers at half price. Flash Sale ends in 3 hours. Shop now: [Link: https://www.nike-official-store.com/sale] Unsubscribe if you want to miss out on deals.",PHISH,0.998832,85.13,models/phishing_distilbert_multilingual_optimized
1770715170,ad1c4f4d4bd64c4fa72d2f61d97b40c2,"Don't miss out! This is your final opportunity to grab our best-selling sneakers at half price. Flash Sale ends in 3 hours. Shop now: [Link: https://www.nike-official-store.com/sale] Unsubscribe if you want to miss out on deals.",PHISH,0.998832,82.57,models/phishing_distilbert_multilingual_optimized
1770715180,134729b2f2c0444caedf9724c9ded67c,"Hi there, People are looking at your profile. See who viewed you and what opportunities might be waiting. 3 people from Software Industry viewed your profile. View searches: [Link: https://www.linkedin.com/comm/me/profile-views]",PHISH,0.999395,84.34,models/phishing_distilbert_multilingual_optimized
1770715191,d3483275623a4fd8bcb537302d1e6b69,"Your bill for the period Jan 1 - Jan 31 is $45.20. The amount will be automatically deducted from your account on Feb 15. If you want to change your payment method or view the PDF bill, log in to your dashboard. Thank you for being our customer.",PHISH,0.998623,84.06,models/phishing_distilbert_multilingual_optimized
1770715231,57b46fc3e8ad43b6aec159062d54d40c,"Your bill for the period Jan 1 - Jan 31 is $45.20. The amount will be automatically deducted from your account on Feb 15. If you want to change your payment method or view the PDF bill, log in to your dashboard. Thank you for being our customer.",PHISH,0.998623,92.47,models/phishing_distilbert_multilingual_optimized
1770715263,672b6c66e2c94903ac32dd1921494bd9,"Subject: Business Proposal / Investment Opportunity  Greetings, I am a representative of a private investment firm. We are looking for a reliable partner to manage a portfolio of $5.2 Million in cryptocurrency. We offer 20% commission for your assistance. Strict confidentiality is required. Reply to this email if interested.",PHISH,0.999906,85.68,models/phishing_distilbert_multilingual_optimized
1770715369,c7517c6608574dc39766598ca6045d0f,"Am calibrat modelul sÄƒ aibÄƒ o sensibilitate ridicatÄƒ (High Recall). Ãn securitatea ciberneticÄƒ, este preferabil sÄƒ avem alerte False Pozitive (pe care utilizatorul le poate verifica È™i ignora) decÃ¢t False Negative (sÄƒ lÄƒsÄƒm un atac real sÄƒ treacÄƒ neobservat). TotuÈ™i, pentru o versiune de producÈ›ie, aÈ™ ajusta pragul de decizie sau aÈ™ re-antrena cu un set de date care conÈ›ine mai multe exemple de tip 'commercial spam' etichetate ca sigure.",SAFE,0.047669,94.13,models/phishing_distilbert_multilingual_optimized
1770716558,d7065ff7202e4d7d8fc97e4d1ce3d8cb,"Subject: Weekly Python Digest - New Tutorials Body: Hello Pythonistas, This week strictly focusing on Machine Learning libraries. We have a great article about using PyTorch for beginners and a comparison between Flask and Django. Also, don't forget the community meetup is happening this Saturday on Discord. Happy coding!",SAFE,0.000314,457.33,models/phishing_distilbert_multilingual_optimized
1770716692,26f8c4e40b10447b94ea1319bc0b6c80,"Sampon anti-matreata pentru par normal-gras Dercos, 390 ml, Vichy [3337871331290] Proprietati: - texturÄƒ cremoasÄƒ portocalie concentratÄƒ cu DisulfurÄƒ de Seleniu; - eliminÄƒ pÃ¢nÄƒ la 100% mÄƒtreaÈ›a vizibilÄƒ*; - acÈ›iune anti-recidivÄƒ pÃ¢nÄƒ la 6 sÄƒptÄƒmÃ¢ni**; - techologia cu seleniu DS ajutÄƒ menÈ›inerea microbiomului***; - calmeazÄƒ scalpul pentru a ajuta la ameliorarea mÃ¢ncÄƒrimii È™i a iritaÈ›iei.Â  *Testat pe 262 de consumatori - utilizat regular dupÄƒ 2 sÄƒptÄƒmÃ¢ni - Italia.Â  **Studiu clinic pe 45 de subiecÈ›i dupÄƒ 4 sÄƒptÄƒmÃ¢ni de tratament.Â  ***Studiu clinic cu urmÄƒrire a principalelor microorganisme implicate Ã®n mÄƒtreaÈ›Äƒ, 56 de persoane cu 3 aplicaÈ›ii pe sÄƒptÄƒmÃ¢nÄƒ timp de 4 sÄƒptÄƒmÃ¢ni.  Mod de utilizare: La prima aplicare, lÄƒsaÈ›i sÄƒ acÈ›ioneze timp de 2 minute È™i apoi clÄƒtiÈ›i. La aplicarea urmatoare, masaÈ›i È™amponul Ã®n pÄƒr È™i apoi clÄƒtiÈ›i. Durata recomandatÄƒ a tratamentului: 4 sÄƒptÄƒmÃ¢ni. Ãn cazul contactului cu ochii, clÄƒtiÈ›i imediat cu apÄƒ din abundenÈ›Äƒ.  Ingreidente active: Formula de reechilibrare a micorbiomului*** Sinergie puternicÄƒ a activelor dermatologice: 1% Disulfura de Seleniu pentru tratarea mÄƒtreÈ›ii È™i a dermatitei seboreice. 1% Acid Salicilic pentru a elimina scuamele de pe scalp.  Ingrediente: AQUA / WATER - SODIUM LAURETH SULFATE - GLYCOL DISTEARATE - COCO-BETAINE - GLYCERIN - DIMETHICONE - CARBOMER - CI 19140 / YELLOW 5 - CITRIC ACID - MENTHOL - 2-OLEAMIDO-1,3-OCTADECANEDIOL - PPG-5-CETETH-20 - SALICYLIC ACID - SELENIUM SULFIDE - SODIUM BENZOATE - SODIUM CHLORIDE - SODIUM HYDROXIDE - TOCOPHERYL ACETATE - PARFUM / FRAGRANCE.  Precautii: ConÈ›ine DisulfurÄƒ de Seleniu, evitaÈ›i contactul produsului cu zona ochilor È™i zonele deteriorate ale pielii. Ãn caz de contact cu zona ochilor, clÄƒtiÈ›i imediat cu apÄƒ din abundenÈ›Äƒ.  Prezentare: 390 ml",PHISH,0.952092,90.54,models/phishing_distilbert_multilingual_optimized
1770716703,a439133a01c643989baf62eaaecfbc69,"Mod de utilizare: La prima aplicare, lÄƒsaÈ›i sÄƒ acÈ›ioneze timp de 2 minute È™i apoi clÄƒtiÈ›i. La aplicarea urmatoare, masaÈ›i È™amponul Ã®n pÄƒr È™i apoi clÄƒtiÈ›i. Durata recomandatÄƒ a tratamentului: 4 sÄƒptÄƒmÃ¢ni. Ãn cazul contactului cu ochii, clÄƒtiÈ›i imediat cu apÄƒ din abundenÈ›Äƒ.",SAFE,0.151711,83.31,models/phishing_distilbert_multilingual_optimized
1770719684,deef1bd820564fb98133a2b60804c515,"Your tax refund is pending acceptance. You must verify your bank details within 24 hours at this link, or face penalties.",PHISH,0.999429,65.34,models/phishing_distilbert_multilingual_optimized
1770719700,73a6b29df0204b3cbfb0b1063385b03a,"A login attempt was made on your account. If this was not you, please enter your code at this link",PHISH,0.997650,53.02,models/phishing_distilbert_multilingual_optimized
1770720302,ddeaf41e453a4c14b7891f0acc80af39,"Hi, this is [Name] from Logistics. We missed you for your package (tracking code PP-22611Z-20). Please confirm your address at this link to reschedule.",SAFE,0.030515,48.77,models/phishing_distilbert_multilingual_optimized
1770720315,bb9f23b741c640cbaf0eb6a413c16785,"ALERT: Your [Bank Name] account has been locked due to suspicious activity. Verify your identity immediately at this link.",PHISH,0.999703,45.43,models/phishing_distilbert_multilingual_optimized
1770720328,ef259a0804f64d929ebb77fcc641ad97,"Emergency, [Name]! I'm in trouble and need money for bail/treatment. Please send $2000 to this account, don't call me",PHISH,0.999700,44.13,models/phishing_distilbert_multilingual_optimized
1770720990,1622f3fb54d240e9ad1c39d51f48dea3,"ALERT: Your [Bank Name] account has been locked due to suspicious activity. Verify your identity immediately at this link.",PHISH,0.999703,45.56,models/phishing_distilbert_multilingual_optimized
1770721005,c2a7a40e29ef4e6d83361193a5db6f66,"A login attempt was made on your account. If this was not you, please enter your code at this link",PHISH,0.997650,43.73,models/phishing_distilbert_multilingual_optimized
1770722603,ba7b7b6767004fe799d1764eb26631ee,"IRS: Your tax refund is pending. Please click this link to verify your bank details within 24 hours to avoid a penalty.",PHISH,0.999779,437.65,models/phishing_distilbert_multilingual_optimized
1770723419,526342c3be6b4484bb394b28f80a5ff2,"ALERT: Your debit card has been locked due to suspicious activity. Verify your identity immediately: fakebank.com.",PHISH,0.999808,51.15,models/phishing_distilbert_multilingual_optimized
1770795185,ef998674b2f9498fb84ac90b63088fd8,"Subiect: AlertÄƒ de securitate: Acces restricÈ›ionat BT24  Mesaj: Stimate client,  Sistemele noastre de securitate au detectat o tentativÄƒ de autentificare neobiÈ™nuitÄƒ din locaÈ›ia: Moscova, Rusia. Pentru siguranÈ›a fondurilor dumneavoastrÄƒ, am blocat temporar accesul la aplicaÈ›ia BT Pay.  VÄƒ rugÄƒm sÄƒ vÄƒ confirmaÈ›i identitatea Ã®n maximum 24 de ore pentru a evita suspendarea permanentÄƒ a contului. AccesaÈ›i link-ul securizat: http://banca-transilvania-update-secure.com/login  Echipa de Securitate",PHISH,0.991111,505.34,models/phishing_distilbert_multilingual_optimized
1770795192,2823cabed4b0426bb71b78193b26eca9,"Subiect: AlertÄƒ de securitate: Acces restricÈ›ionat BT24  Mesaj: Stimate client,  Sistemele noastre de securitate au detectat o tentativÄƒ de autentificare neobiÈ™nuitÄƒ din locaÈ›ia: Moscova, Rusia. Pentru siguranÈ›a fondurilor dumneavoastrÄƒ, am blocat temporar accesul la aplicaÈ›ia BT Pay.  VÄƒ rugÄƒm sÄƒ vÄƒ confirmaÈ›i identitatea Ã®n maximum 24 de ore pentru a evita suspendarea permanentÄƒ a contului. AccesaÈ›i link-ul securizat: http://banca-transilvania-update-secure.com/login  Echipa de Securitate",PHISH,0.991111,84.18,models/phishing_distilbert_multilingual_optimized
1770795204,760197f81e8c49d18f3d09bff85014af,"Subiect: FAN Courier: Pachetul dvs. este Ã®n aÈ™teptare  Mesaj: BunÄƒ ziua,  Livrarea pentru coletul cu AWB #8291022 nu a putut fi finalizatÄƒ astÄƒzi deoarece adresa este incompletÄƒ sau lipsesc informaÈ›ii vamale.  Pachetul este reÈ›inut Ã®n depozitul central. Pentru a reprograma livrarea pentru mÃ¢ine, este necesarÄƒ achitarea unei taxe de redepozitare de 4.99 RON. FinalizaÈ›i plata aici: https://plati-rapide-coletarie-online.net  DacÄƒ nu achitaÈ›i Ã®n 12 ore, coletul va fi returnat expeditorului.",PHISH,0.999857,102.83,models/phishing_distilbert_multilingual_optimized
1770795219,30aab2a311f34108bcb136fe66fd09b1,"Subiect: Re: Detalii proiect licenÈ›Äƒ  Mesaj: Salut Fabian,  Am terminat de revizuit capitolul 4 pe care mi l-ai trimis. AratÄƒ bine, dar cred cÄƒ ar trebui sÄƒ mai adaugi cÃ¢teva grafice la secÈ›iunea de rezultate, ca sÄƒ fie mai clar pentru comisie.  Èši-am ataÈ™at documentul cu comentariile mele. Ne auzim mÃ¢ine la laborator dacÄƒ ai Ã®ntrebÄƒri. Spor la treabÄƒ! Andrei",SAFE,0.000278,83.87,models/phishing_distilbert_multilingual_optimized
1770795226,393d9ded8b144e758212d2af6e9fb414,"Subiect: Comanda ta eMAG a fost predatÄƒ curierului  Mesaj: Salut,  VeÈ™ti bune! Comanda ta numÄƒrul #12345678, care conÈ›ine ""Monitor Gaming LED"", a fost predatÄƒ curierului Sameday.  Livrarea este estimatÄƒ pentru mÃ¢ine, Ã®ntre orele 09:00 - 17:00. Vei primi un SMS de la curier dimineaÈ›Äƒ cu intervalul exact.  PoÈ›i urmÄƒri statusul oricÃ¢nd Ã®n contul tÄƒu de client sau Ã®n aplicaÈ›ia mobilÄƒ. MulÈ›umim cÄƒ ai ales eMAG.",SAFE,0.000086,84.06,models/phishing_distilbert_multilingual_optimized
1770795422,79ffac1adfda41e89c07bc7037fceaca,"Subiect: Comanda ta eMAG a fost predatÄƒ curierului  Mesaj: Salut,  VeÈ™ti bune! Comanda ta numÄƒrul #12345678, care conÈ›ine ""Monitor Gaming LED"", a fost predatÄƒ curierului Sameday.  Livrarea este estimatÄƒ pentru mÃ¢ine, Ã®ntre orele 09:00 - 17:00. Vei primi un SMS de la curier dimineaÈ›Äƒ cu intervalul exact.  PoÈ›i urmÄƒri statusul oricÃ¢nd Ã®n contul tÄƒu de client sau Ã®n aplicaÈ›ia mobilÄƒ. MulÈ›umim cÄƒ ai ales eMAG.",SAFE,0.000086,541.49,models/phishing_distilbert_multilingual_optimized
1770795432,f68a70f927c948609dde68d64c5f225c,"Subiect: AlertÄƒ de securitate: Acces restricÈ›ionat BT24  Mesaj: Stimate client,  Sistemele noastre de securitate au detectat o tentativÄƒ de autentificare neobiÈ™nuitÄƒ din locaÈ›ia: Moscova, Rusia. Pentru siguranÈ›a fondurilor dumneavoastrÄƒ, am blocat temporar accesul la aplicaÈ›ia BT Pay.  VÄƒ rugÄƒm sÄƒ vÄƒ confirmaÈ›i identitatea Ã®n maximum 24 de ore pentru a evita suspendarea permanentÄƒ a contului. AccesaÈ›i link-ul securizat: http://banca-transilvania-update-secure.com/login  Echipa de Securitate",PHISH,0.991111,83.28,models/phishing_distilbert_multilingual_optimized
1770795481,b3e8149497cc4a8c86606084680f7a50,"Subiect: AlertÄƒ de securitate: Acces restricÈ›ionat BT24  Mesaj: Stimate client,  Sistemele noastre de securitate au detectat o tentativÄƒ de autentificare neobiÈ™nuitÄƒ din locaÈ›ia: Moscova, Rusia. Pentru siguranÈ›a fondurilor dumneavoastrÄƒ, am blocat temporar accesul la aplicaÈ›ia BT Pay.  VÄƒ rugÄƒm sÄƒ vÄƒ confirmaÈ›i identitatea Ã®n maximum 24 de ore pentru a evita suspendarea permanentÄƒ a contului. AccesaÈ›i link-ul securizat: http://banca-transilvania-update-secure.com/login",PHISH,0.991111,85.03,models/phishing_distilbert_multilingual_optimized
1770795493,c454e60e7e474e07856dbda3197aea7a,"Subiect: Re: Detalii proiect licenÈ›Äƒ  Mesaj: Salut Fabian,  Am terminat de revizuit capitolul 4 pe care mi l-ai trimis. AratÄƒ bine, dar cred cÄƒ ar trebui sÄƒ mai adaugi cÃ¢teva grafice la secÈ›iunea de rezultate, ca sÄƒ fie mai clar pentru comisie.  Èši-am ataÈ™at documentul cu comentariile mele. Ne auzim mÃ¢ine la laborator dacÄƒ ai Ã®ntrebÄƒri. Spor la treabÄƒ! Andrei",SAFE,0.000278,85.83,models/phishing_distilbert_multilingual_optimized
1770814461,3bcfc93c3c9144c9b05012ba00dccd15,"FiÈ™ierul README.md final completat al proiectului (denumit: NUME_Prenume_Grupa_README_Proiect_RN.md), conform template-ului oficial atasat aici.",PHISH,0.984130,532.88,models/phishing_distilbert_multilingual_optimized
1770814600,793184daf38d4b87ae22b4519c92e1a6,"Subiect: Important: Accesul la HomeBank va fi restricÈ›ionat  Mesaj: Stimate client,  Ãn urma noilor reglementÄƒri BNR, suntem obligaÈ›i sÄƒ actualizÄƒm datele personale ale tuturor clienÈ›ilor. Nu am primit confirmarea dumneavoastrÄƒ digitalÄƒ.  VÄƒ rugÄƒm sÄƒ accesaÈ›i link-ul de mai jos È™i sÄƒ Ã®ncÄƒrcaÈ›i o copie a actului de identitate pentru a evita blocarea contului: [Link: https://ing-homebank-verificare-date-secure.net/login]  AveÈ›i la dispoziÈ›ie 24 de ore. Echipa ING Bank",PHISH,0.999803,47.31,models/phishing_distilbert_multilingual_optimized
1770814606,fb8ce263dcb249e8ba2d7c026694ec82,"Subiect: PREAVIZ DE DECONECTARE - Factura RestantÄƒ  Mesaj: BunÄƒ ziua,  Serviciile dumneavoastrÄƒ de internet È™i televiziune vor fi suspendate mÃ¢ine dimineaÈ›Äƒ din cauza neplÄƒÈ›ii facturii #DIGI99281 Ã®n valoare de 145.00 RON.  Pentru a pÄƒstra serviciile active, achitaÈ›i suma restantÄƒ acum prin portalul nostru rapid: [Link: http://plati-online-digi-romania.org/quickpay]  IgnoraÈ›i acest mesaj dacÄƒ aÈ›i efectuat deja plata.",PHISH,0.999871,44.30,models/phishing_distilbert_multilingual_optimized
1770814613,88bec35d0d364234a1d390be611d0240,"Subiect: Urgent - Transfer  Mesaj: Salut,  Sunt Ã®ntr-o È™edinÈ›Äƒ importantÄƒ È™i nu pot vorbi la telefon. Am nevoie sÄƒ faci un transfer urgent cÄƒtre un furnizor nou, trebuie sÄƒ Ã®nchidem deal-ul azi.  RÄƒspunde-mi la acest email ca sÄƒ Ã®È›i trimit contul IBAN È™i suma. E prioritate zero.  Mersi, Director General",PHISH,0.999803,45.42,models/phishing_distilbert_multilingual_optimized
1770814620,c769a8e7ae93411fb6b8df561cc8cfef,"Subiect: Detalii desfÄƒÈ™urare examen ReÈ›ele Neuronale  Mesaj: Salutare studenÈ›i,  VÄƒ reamintesc cÄƒ examenul final va avea loc vineri, Ã®n sala EC105, Ã®ncepÃ¢nd cu ora 09:00. VÄƒ rog sÄƒ aveÈ›i la voi carnetul de student È™i proiectul Ã®ncÄƒrcat pe Moodle.  Structura examenului a fost discutatÄƒ la cursul trecut: 30% teorie È™i 70% prezentarea proiectului.  Succes la pregÄƒtire! Conf. Dr. Ing. Popescu",SAFE,0.000089,44.52,models/phishing_distilbert_multilingual_optimized
1770814625,04edac6513694dcb907ef3824a3e77ca,"Subiect: Cursa ta de marÈ›i dimineaÈ›Äƒ  Mesaj: ÃÈ›i mulÈ›umim cÄƒ ai cÄƒlÄƒtorit cu noi. IatÄƒ chitanÈ›a pentru cursa ta.  Total: 24.50 RON È˜ofer: Mihai De la: Splaiul IndependenÈ›ei 313 PÃ¢nÄƒ la: PiaÈ›a Victoriei  DacÄƒ ai uitat ceva Ã®n maÈ™inÄƒ, poÈ›i contacta È™oferul prin aplicaÈ›ie Ã®n urmÄƒtoarele 24 de ore.",SAFE,0.000108,46.62,models/phishing_distilbert_multilingual_optimized
1770814645,dbf3e0ffc80d4ef19c869eee3df01b09,"Subiect: Re: Nu merge containerul de Docker  Mesaj: Salut Fabian,  M-am uitat pe erorile pe care mi le-ai trimis. Cred cÄƒ problema e la fiÈ™ierul requirements.txt, ai o versiune de TensorFlow care nu e compatibilÄƒ cu Python 3.11.  ÃncearcÄƒ sÄƒ pui tensorflow==2.15.0 È™i dÄƒ-i un rebuild. DacÄƒ tot nu merge, ne auzim pe Discord disearÄƒ.",SAFE,0.000082,51.90,models/phishing_distilbert_multilingual_optimized
1770821493,0ffe46b9e3984966af48841fae6c1b57,"Subiect: Cursa ta de marÈ›i dimineaÈ›Äƒ  Mesaj: ÃÈ›i mulÈ›umim cÄƒ ai cÄƒlÄƒtorit cu noi. IatÄƒ chitanÈ›a pentru cursa ta.  Total: 24.50 RON È˜ofer: Mihai De la: Splaiul IndependenÈ›ei 313 PÃ¢nÄƒ la: PiaÈ›a Victoriei  DacÄƒ ai uitat ceva Ã®n maÈ™inÄƒ, poÈ›i contacta È™oferul prin aplicaÈ›ie Ã®n urmÄƒtoarele 24 de ore.",SAFE,0.000108,452.44,models/phishing_distilbert_multilingual_optimized
1770821503,797bd34e1cc04e7f90e3766f0e9b3745,"Subiect: Important: Accesul la HomeBank va fi restricÈ›ionat  Mesaj: Stimate client,  Ãn urma noilor reglementÄƒri BNR, suntem obligaÈ›i sÄƒ actualizÄƒm datele personale ale tuturor clienÈ›ilor. Nu am primit confirmarea dumneavoastrÄƒ digitalÄƒ.  VÄƒ rugÄƒm sÄƒ accesaÈ›i link-ul de mai jos È™i sÄƒ Ã®ncÄƒrcaÈ›i o copie a actului de identitate pentru a evita blocarea contului: [Link: https://ing-homebank-verificare-date-secure.net/login]  AveÈ›i la dispoziÈ›ie 24 de ore. Echipa ING Bank",PHISH,0.999803,46.84,models/phishing_distilbert_multilingual_optimized
1770834799,dff2dea4701348f6ae708e6100c7b362,"test message",PHISH,0.977677,910.66,models/phishing_distilbert_multilingual_optimized
1770834800,16161c12465149738d724a5944bbe94b,"test message",PHISH,0.981505,48.36,models/phishing_distilbert_multilingual
1770834800,a9c238899c394da5bf59e1ab938e644e,"test message",PHISH,0.977677,46.05,models/phishing_distilbert_multilingual_optimized
1770835009,0b697c7fa37d4c7a952bb602b596ea2b,"Britney Jean Spears este o cÃ¢ntÄƒreaÈ›Äƒ, dansatoare, compozitoare, actriÈ›Äƒ È™i scriitoare americanÄƒ, supranumitÄƒ â€PrinÈ›esa muzicii popâ€. Britney se naÈ™te Ã®n Mississippi È™i are prima apariÈ›ie televizatÄƒ Ã®n 1992 ca participant al emisiunii â€Star Searchâ€.",PHISH,0.838830,460.91,models/phishing_distilbert_multilingual
1770835017,dd11d698a2ff4d39a44c3772086830b6,"Britney Jean Spears este o cÃ¢ntÄƒreaÈ›Äƒ, dansatoare, compozitoare, actriÈ›Äƒ È™i scriitoare americanÄƒ, supranumitÄƒ â€PrinÈ›esa muzicii popâ€. Britney se naÈ™te Ã®n Mississippi È™i are prima apariÈ›ie televizatÄƒ Ã®n 1992 ca participant al emisiunii â€Star Searchâ€.",PHISH,0.838830,83.40,models/phishing_distilbert_multilingual
1770835210,dc6acfa5c26746a9ad397298f65a0363,"test text",PHISH,0.901707,176.91,models/phishing_distilbert_multilingual
1770835212,271bf00ccd344534aa2a27bca45463ce,"test text",PHISH,0.802141,81.80,models/phishing_distilbert_multilingual_optimized
1770835318,bee09634eeff4396ae6b79e1c882f525,"Subiect: Important: Accesul la HomeBank va fi restricÈ›ionat  Mesaj: Stimate client,  Ãn urma noilor reglementÄƒri BNR, suntem obligaÈ›i sÄƒ actualizÄƒm datele personale ale tuturor clienÈ›ilor. Nu am primit confirmarea dumneavoastrÄƒ digitalÄƒ.  VÄƒ rugÄƒm sÄƒ accesaÈ›i link-ul de mai jos È™i sÄƒ Ã®ncÄƒrcaÈ›i o copie a actului de identitate pentru a evita blocarea contului: [Link: https://ing-homebank-verificare-date-secure.net/login]  AveÈ›i la dispoziÈ›ie 24 de ore. Echipa ING Bank",PHISH,0.999803,187.89,models/phishing_distilbert_multilingual_optimized
1770835330,88558dbef4584909bb5df788cd640549,"Subiect: Important: Accesul la HomeBank va fi restricÈ›ionat  Mesaj: Stimate client,  Ãn urma noilor reglementÄƒri BNR, suntem obligaÈ›i sÄƒ actualizÄƒm datele personale ale tuturor clienÈ›ilor. Nu am primit confirmarea dumneavoastrÄƒ digitalÄƒ.  VÄƒ rugÄƒm sÄƒ accesaÈ›i link-ul de mai jos È™i sÄƒ Ã®ncÄƒrcaÈ›i o copie a actului de identitate pentru a evita blocarea contului: [Link: https://ing-homebank-verificare-date-secure.net/login]  AveÈ›i la dispoziÈ›ie 24 de ore. Echipa ING Bank",PHISH,0.999977,227.06,models/phishing_distilbert_multilingual
1770835341,5e322bcd7c8f4ae3b6dd5efa7f568efe,"Subiect: Important: Accesul la HomeBank va fi restricÈ›ionat  Mesaj: Stimate client,  Ãn urma noilor reglementÄƒri BNR, suntem obligaÈ›i sÄƒ actualizÄƒm datele personale ale tuturor clienÈ›ilor. Nu am primit confirmarea dumneavoastrÄƒ digitalÄƒ.  VÄƒ rugÄƒm sÄƒ accesaÈ›i link-ul de mai jos È™i sÄƒ Ã®ncÄƒrcaÈ›i o copie a actului de identitate pentru a evita blocarea contului: [Link: https://ing-homebank-verificare-date-secure.net/login]  AveÈ›i la dispoziÈ›ie 24 de ore. Echipa ING Bank",PHISH,0.999803,182.89,models/phishing_distilbert_multilingual_optimized
1770835362,36a91307bee645d3982cf909ae6d3da8,"Subiect: Detalii desfÄƒÈ™urare examen ReÈ›ele Neuronale  Mesaj: Salutare studenÈ›i,  VÄƒ reamintesc cÄƒ examenul final va avea loc vineri, Ã®n sala EC105, Ã®ncepÃ¢nd cu ora 09:00. VÄƒ rog sÄƒ aveÈ›i la voi carnetul de student È™i proiectul Ã®ncÄƒrcat pe Moodle.  Structura examenului a fost discutatÄƒ la cursul trecut: 30% teorie È™i 70% prezentarea proiectului.  Succes la pregÄƒtire! Conf. Dr. Ing. Popescu",SAFE,0.000089,196.53,models/phishing_distilbert_multilingual_optimized
